{"latlng": {"data": [[35.77053590686347, -78.92327939927166]], "series_type": "distance", "original_size": 1, "resolution": "canonical"}, "elevation_stats": {"samples": [88.10000000000001], "mean": 88.10000000000001, "count": 1}}