{"latlng": {"data": [[35.77053580390527, -78.92328008886821], [35.770536069643015, -78.92327830900203], [35.77053584704215, -78.92327979994474]], "series_type": "distance", "original_size": 3, "resolution": "high"}, "elevation_stats": {"samples": [88.2, 88.1, 88.0], "mean": 88.10000000000001, "count": 3}}