{"latlng": {"data": [[35.77357277894267, -78.92387472008537], [35.7735618651295, -78.92387495808129]], "series_type": "distance", "original_size": 2, "resolution": "high"}, "elevation_stats": {"samples": [93.5], "mean": 93.5, "count": 1}}