{"latlng": {"data": [[35.76880964425223, -78.92286859505596], [35.772117921744915, -78.92357085846788], [35.76737380097761, -78.92256374004282]], "series_type": "distance", "original_size": 3, "resolution": "canonical"}, "elevation_stats": {"samples": [84.44774193548388], "mean": 84.44774193548388, "count": 1}}