{"latlng": {"data": [[35.76880964425223, -78.92286859505596], [35.772117921744915, -78.92357085846788], [35.76737380097761, -78.92256374004282], [35.76464771674734, -78.92199356209652]], "series_type": "distance", "original_size": 4, "resolution": "canonical"}, "elevation_stats": {"samples": [82.24313725490195], "mean": 82.24313725490195, "count": 1}}