{"latlng": {"data": [[35.78686043444934, -78.92195547668314], [35.78685853547798, -78.92194119966068]], "series_type": "distance", "original_size": 2, "resolution": "canonical"}, "elevation_stats": {"samples": [109.5], "mean": 109.5, "count": 1}}