{"latlng": {"data": [[35.78686033947427, -78.92195476263278], [35.78686052942441, -78.9219561907335], [35.78685853547798, -78.92194119966068]], "series_type": "distance", "original_size": 3, "resolution": "high"}, "elevation_stats": {"samples": [109.5], "mean": 109.5, "count": 1}}