{"latlng": {"data": [[35.76275900322148, -78.92159486701858], [35.762809086099836, -78.92160550438409], [35.76254759847403, -78.92155257297948], [35.76241200044912, -78.92152453378]], "series_type": "distance", "original_size": 4, "resolution": "canonical"}, "elevation_stats": {"samples": [79.252688172043], "mean": 79.252688172043, "count": 1}}