{"latlng": {"data": [[35.76275900322148, -78.92159486701858], [35.762809086099836, -78.92160550438409]], "series_type": "distance", "original_size": 2, "resolution": "canonical"}, "elevation_stats": {"samples": [79.60821917808218], "mean": 79.60821917808218, "count": 1}}