{"latlng": {"data": [[35.77435303065179, -78.92403378505206], [35.779789695426956, -78.92379564002198], [35.77902321835936, -78.92383372539426]], "series_type": "distance", "original_size": 3, "resolution": "canonical"}, "elevation_stats": {"samples": [101.84641509433962], "mean": 101.84641509433962, "count": 1}}