{"latlng": {"data": [[35.78556704716172, -78.92216743036461], [35.78859164231576, -78.92184960705693], [35.785625425138214, -78.92215805284559]], "series_type": "distance", "original_size": 3, "resolution": "canonical"}, "elevation_stats": {"samples": [109.60517241379311], "mean": 109.60517241379311, "count": 1}}