{"latlng": {"data": [[35.78435506951088, -78.9224791272546], [35.78436255725254, -78.92243699992301], [35.78435915228295, -78.92245644753777], [35.78435355240621, -78.92248744965738]], "series_type": "distance", "original_size": 4, "resolution": "high"}, "elevation_stats": {"samples": [110.5, 110.5], "mean": 110.5, "count": 2}}