{"latlng": {"data": [[35.7736041552708, -78.92387881922731], [35.77361080088065, -78.9238797180792]], "series_type": "distance", "original_size": 2, "resolution": "canonical"}, "elevation_stats": {"samples": [93.5], "mean": 93.5, "count": 1}}