{"latlng": {"data": [[35.784358813381715, -78.9224580635888], [35.78435635234458, -78.92247194859758]], "series_type": "distance", "original_size": 2, "resolution": "canonical"}, "elevation_stats": {"samples": [110.5], "mean": 110.5, "count": 1}}