{"latlng": {"data": [[35.152827261410785, -80.73823659024897]], "series_type": "distance", "original_size": 1, "resolution": "canonical"}, "elevation_stats": {"samples": [176.79045643153526], "mean": 176.79045643153526, "count": 1}}